[
    {
      "text": "The only way to do great work is to love what you do.",
      "author": "Steve Jobs"
    },
    {
      "text": "Innovation distinguishes between a leader and a follower.",
      "author": "Steve Jobs"
    },
    {
      "text": "Stay hungry, stay foolish.",
      "author": "Steve Jobs"
    },
    {
      "text": "Your time is limited, don't waste it living someone else's life.",
      "author": "Steve Jobs"
    },
    {
      "text": "The way to get started is to quit talking and begin doing.",
      "author": "Walt Disney"
    },
    {
      "text": "All our dreams can come true if we have the courage to pursue them.",
      "author": "Walt Disney"
    },
    {
      "text": "The more you like yourself, the less you are like anyone else, which makes you unique.",
      "author": "Walt Disney"
    },
    {
      "text": "It's kind of fun to do the impossible.",
      "author": "Walt Disney"
    },
    {
      "text": "Imagination is more important than knowledge.",
      "author": "Albert Einstein"
    },
    {
      "text": "Logic will get you from A to B. Imagination will take you everywhere.",
      "author": "Albert Einstein"
    }
  ]
  